Model,Loss,Accuracy
ResNet-50,0.3644888984680176,0.8908
ViT-S/16,0.1848300663948059,0.9388
