Model,CleanAcc,GrayAcc,Delta_GrayMinusClean
ResNet-50,0.8908,0.7891,-0.10170000000000001
ViT-S/16,0.9388,0.8584,-0.08039999999999992
