pair_idx,shape_label,texture_label,RN_shape,RN_texture,RN_other,VT_shape,VT_texture,VT_other,RN_shape_bias%,VT_shape_bias%
0,3,5,67,17,16,91,3,6,79.76190476190476,96.80851063829788
1,4,7,84,4,12,92,3,5,95.45454545454545,96.84210526315789
2,0,8,88,4,8,96,2,2,95.65217391304348,97.95918367346938
3,2,6,83,3,14,95,0,5,96.51162790697674,100.0
4,1,9,92,4,4,91,7,2,95.83333333333333,92.85714285714286
